"H1","text","class"
"192775","Wanting to make amends vs. knowing I should kill myself - TW: #metooI have been feeling debilitating levels of shame over the #metoo coverage recently. I am fixated on what a creepy fucking loser and ?nice guy? I was and the ways in which I selfishly hurt those around me. My psychiatrist (male) basically tells me that I?m being too hard on myself, that the men in the news have done far worse, and points out that I am lacking both experience and perspective. But I know what I did was wrong, I just want someone to take me seriously and tell me what I can do without minimizing things.

I am a 25 y/o man who has dealt with major depression since I was 15. I didn?t lose my virginity technically until I was 23. I just mention that because I am inexperienced, socially awkward and as I mentioned before somewhat of a ?nice guy.? During that time I was good friends with a woman my freshman year of college who I?ll call H. When H started showing interest in me it was exciting because I didn?t get out too much and she lived in my same dorm. H would get into my bed to cuddle and watch movies. She was a virgin too and was also depressed, albeit higher functioning.

Eventually I asked her if she liked me and she said yes. She also told me that she did not want to be in a relationship. I told her OK, but soon after began pestering her/asking her to reconsider... for months. We were still friends, and still cuddled, but it became clear that she was becoming less comfortable with me. I kept asking her to reconsider. I was basically treating her like my boyfriend for months despite her feelings because I felt entitled to it, because she told me she liked me. I was an entitled ?nice guy.? Eventually she told me she could no longer be friends with me, told me not to contact her, recommended I see a shrink and blocked me on facebook. Justice served.

Since graduating I have spent most of my time alone. I have had a lot of time to reflect and try to be a better person. I have stayed away from dating to work on my entitlement issues and my anxiety. Around a year ago is when I started thinking about H again. I am still blocked, I wonder if I have been the subject of a #metoo. I wonder if one of the reasons my psychiatrist isn?t taking me seriously is if he?s done something ?worse.? I feel like any progress I?ve made is a sham, and that whatever good I manage to do will never undo my self\-identity as an abuser and the pain I?ve caused women and the few people who were kind enough to care about me. I am back to thinking that the only justice left for me is suicide.

Shamefully, it is my selfish worry that if I even bother to put in the effort into being a better person with hobbies and interests and a career that H will reappear into my life to let everyone know what a manipulative creep I was and in many ways still am.","suicide"
"67412","hi i want new friends because my friends suck lmao a little about me, i'm m 15 from the usa, i'm bi and hella bored, my friends like all stopped talking to me for reasons i'm unaware about so yeah hmu :)","non-suicide"
"309967","Difficulties with going to different places.I just want to take a shot, but NO, my parents think we only need what is necessary to live, one of my school mates got an iphone 8 plus for her birthday, and what do i get on christmas? A stupid samsung galaxy a3, my birthday, pure childish stuff i don't need but my family still thinks i'm a kid, no money to buy new games, no new phone, honestly if i could switch families while i sleep i would, bring me to a better family please, or else i'll hang myself","suicide"
"346483","Sometimes it's the smallest thingsMy central heating and hot water source is broken at the moment.  It's 3 degrees here but feels more like -3.  The heating engineer was due to come tomorrow, but I got a phone call to say that he can't and I will have to wait until Wednesday.  Apparently he has an appointment that he 'can't cancel'.

There is the practical/logistics side.  I have no heat but probably won't freeze to death (I wish LOL). 

Then there is the mental aspect.  I suffer from anxiety and depression.  A stupid postponement of repair by a single day has me thinking that it would just be better to go now. 

I've been counting down the days until I can get heating again and 
 psyching myself up for a visit tomorrow (these situations cause me intense anxiety.  Now it's just all thrown up in the air!   To anyone else, this would be disappointing; to me it is catastrophic.  My depressive mind has this little voice telling me that they will cancel again and push it even further back. I couldn't deal with that.

I an so physically cold.  Yes, I have lots of layers on.  No, I can't find someone else - the guys who are any good tend to have waiting lists.  

Suffice to say, I've written the first draft of the email to be sent to 
Belgian doctors and clinics who agree to perform euthanasia.   It's not quite there yet but I have the foundations.  I've attempted twice and it would appear that I am really rubbish at suicide! So let's get a loan, secure it on the house, and do it properly.","suicide"
"322010","What is this curse and how to break it When ever I'm watching anime a ecchi scene comes up and my mom comes in and I panic I haven't been caught yet tho and then I'm playing games with the Bois and my mom says to do this this work right now when she said I won't in interrupt and I when said that she said ""It JuSt A gAmE yOu CaN pAuSe It""","non-suicide"
"237621","I have solved what came first, the chicken or the egg. The egg, tons of eggs were made before chickens","non-suicide"
"78320","I wonder if I have enough coke to OD on and I really want to find out.I don't even like cocaine. I don't like much of anything right now. I don't have anything good to look forward too and I wouldn't mind not having to deal with tomorrow. Time for another rail.","suicide"
"194415","Is it ever okay in your opinion to be just done in life?I have an extremely rare condition which means I am completely normal yet unable to smile. It's a curse and a particularly cruel one to carry. I have this because my Mom took drugs when she was pregnant. 

I have struggled working 11 hour shifts 5 days a week. I was going to be a Dad at one point but my GF and I lost the baby before being born. My current GF is driving me further into a pit of dispair. 

I feel at this point, I have never actually known what it is to be happy. Being happy to me is not being hurt in that moment. I've been burned, stabbed, cut, spit on, stamped on and hurt in every way I can imagine. I kept going every day till this point and I feel I can no longer go on. Can enough be enough and calling it a day on this earth be the right option?","suicide"
"136701","DeludedSo life is fucked up. That's the nature of life for everyone in some way or another, there's no perfect life, and I've come to accept that. There's joy in an imperfect life, if you're lucky I guess. But the only life I have right now is in my head, the characters there, they sometimes keep me safe. It's almost like a story, I know that they aren't real, just some deluded thought process to try and keep me safe, but every transition from that fantasy world to reality hurts a bit more. I like it in the fantasy land, but I can't keep myself there, no matter how much I wish to. At least there, I can cry, and someone will be there. But I'm not crazy, or at least I am crazy, but in a sane way. I can't exactly call it sane to tie my ankle to the bedframe, but I know if I get up now, I will just keep walking, until I'm at my spot, where I plan to end things. So I'm doing something crazy for a sane reason, right? I don't know whether self-preservation really is sane when it goes against every feeling you have. But I assume, as I'm writing here, that at least my feelings are somewhat conflicted on this. And I want to go back to the fantasy world again, because I know in my head I can get them to understand, that I can be ok for a while, but I don't want to keep coming back to this. But I know it's dangerous to do it, because I don't want to delude myself, I don't want to get to the point where I want the fantasies to be real so much I make myself believe them.","suicide"
"98463","Anyone here draw and wanna work on something w me? You don?t have to be really good or anything, but I love comics and have always wanted to try my hand at making one. Dm me if interested.","non-suicide"
"65848","Well-wishes for my orphaned friend's birthday So I have this friend, Reg, whose parents both passed away in a fire while he was in boarding school two years ago. Last year, we (me and my classmates) forgot about his birthday, and he spent it by himself, alone, and we feel really shitty about it. So this year, we plan to make his birthday much more memorable.

For my part of the preparation of the celebration, I thought it would be cool if I could get a collection of well-wishes from you guys in the comment section, and show it to him, so i would really appreciate it if you guys could just drop a quick message to him down below. Thanks a lot, this will probably mean a lot to him!

Oh yeah, forgot to tell you, we will also be buying him a birthday cake (black forest cake. Expensive, but it tastes heavenly) brithday cards, gifts, a booking in a trampoline park, and we have some games that we plan to play together. His birthday is three days from now

Covid restrictions are lifted in my country, so all these activities are perfectly ok, in case you are wondering","non-suicide"
"113945","what am i doing with myselfthe name's moogle and i am thinking of killing myself again today. im so sick of falling in love too hard and slipping and falling on my face. i hate porn. i hate camgirls. i hate that he decided it was okay to look at it even though i begged him not to and that it would send me into a hysterical fit. i thought he wouldn't hurt me. i hate that my brain won't leave me alone for one day.
i just recently found out i have a psychotic disorder and im so sick of hearing what's wrong with me. it never gets better. i have no future. my family's sick of living with me, my bf hasn't spoken to me in 3 weeks and it seems like im never going to be happy. fuck bpd, fuck depression, fuck anxiety and most importantly fuck paranoia. i can't even function in society. and im trying so hard to climb out but every day is another day im told im not trying hard enough or that im just lazy. he promised me children. he promised to me he didn't hate me. he told me he cared about me why can't I believe anyone hates me i feel like someone's sick joke
i am obsessed with watching videos about murders. i secretly hope someone would come and murder me in my sleep so it would all be over.


if you've read this far, thank you.
that's probably the most anyone's listened to me in 4 years.","suicide"
"233643","We did it! My friends and I have a youtube channel that just hit 100 subs! I dont know if this is allowed, but heres the link: https://www.youtube.com/channel/UCjNOplyeBEFuELCf80i8cBw


Please subscribe!","non-suicide"
"274678","FreedomI thought I was going to end it all about a month ago. Guess I missed out on that. Honestly I don't see things getting any better. So I guess I'm just waiting for the next emotional spike to happen so that I may do the deed. So long as I can be free of the isolation, judgement, jealousy and anguish, I don't care when it comes. 

This feeling has been around for 6+ years now. So here's to hoping that it comes soon.","suicide"
"13581","Ok this might sound like a stupid question it's about Japan and history But thinking about history shouldn't Japan have a Portuguese influence. Maybe it does and maybe I'm just forgetting a crucial piece of history but in my mind this makes sense can someone explain.","non-suicide"
"142386","My baby brothers so pretty Mf rlly took my parents best genes smh 

Hes gonna be so attractive when he grows up tho awe he looks rlly fem tho","non-suicide"
"328256","HelpI was in a committed relationship for 9 years (10 next month) we had 3 children together. 
Last month i found out that he was having an affair with someone from work.
It broke my heart &amp; we tried working it out. 
Then i attempted suicide on day 4, he found me, saved me. I nearly had a stroke, but felt peace. 
He held it against me. He said that he doesn?t love me, doesn?t find me attractive anymore, doesn?t care about me. 
He left, saying he needed space but i know that he had no intention on returning. He has made this clear now. 
Ive lost who i thought was my best friend. And i never saw it coming. 
We spent every day together &amp; i never saw a future without him. Our youngest son is only 2. 
When i reached out to old friends to talk i freaked them out, because id been under his control for so long i didn?t have very good relationships with anyone at all. 

I feel empty, hopeless. Ruined. 
Its been 5 weeks, and nothing has changed. 
Nothing has got better. 
Im crying from the moment i wake til the moment i go to sleep. 
I don?t see a future. I don?t see any positives from this situation and i don?t know where else to turn. ","suicide"
"40440","I hate that I have dreams that are basically just regular ass days I can?t remember what?s real anymore","non-suicide"
"84402","How do i get an among us character drawb with dots Ive seen them and u want oneeee ;;?;;;;   Hogkfkfc","non-suicide"
"246346","Do you bruvs think that ghosts and vampires and stuff make paranormal activity videos on us? It's midnight and I can't let go of this thought, it's been four hours. I can't sleep. pls help me

Filler.io","non-suicide"
"212578","Whats the thing you like most about urself? :) I hope you guys are all doing well :)","non-suicide"
"62035","I don?t feel like anyone listens to meThrowaway for whatever reason. Idk. I guess I still feel the need to protect myself in some sick way

Yesterday, I posted the following text to a group of close friends: 

&gt;	All my life I have dealt with the idea that I should not be alive.
Unfortunately, this fact leads many to believe that I actually have dealt with it. That surely by now I would have decided one way or the other where my life went.
People also tend to think I have talents somewhere. Maybe singing, maybe teaching, maybe writing (I think you can tell that that one?s not the case), just some skills somewhere. This is not, and has never been, the case. I am a complete failure in everything I do.
Apparently, I am also a failure in depression.
Ain'tcha proud of me ma?
Unfortunately for me, all of this failure is hidden away. Maybe I say something about this whole ?wanting to die? business in some secluded channel. Maybe I mention it during a song I?m singing, and so I can hide behind the old ?well I?m just singing it how it was written? excuse favoured by those white people at rap concerts. Maybe I hide it behind these ?charming? jokes. Regardless, it all gets hidden.
Why that?s unfortunate is that people then take my hiding of it to mean I don?t deal with it at all. Instead of seeing the sniveling twerp who might shatter at a particularly loud cricket that I am, they view someone who has dealt with their problems and can be strong for them.
I have become the constant listener. People appreciate that I listen and respond to their needs, their venting, what have you. Because people appreciate this, I feel validated. That validation feeds this whole perpetual motion device to where we are today where some expect me to be an active participant in their lives, yet I have to threaten going through with ?it? to get any response. Even then, it?s never a sure fire thing.
And I get it. I give off this vibe, it?s no one's fault that they view me this way. Besides, haven?t I ever given a thought about what they think of the whole situation, I should really learn to be more considerate.
In some ways, it doesn?t matter anymore. It?s too late. I feel the crushing need to help people at all times by now, so nothing will change that. But it hurts when people take this as me saying I feel unwanted. It?s not that. It?s that I feel like the teddy bear taken out when the storm gets rough outside, I feel like the friend character in a movie who centers themselves around the main character, never to do anything, anything, that does not affect their lives.
I feel isolated in the center of crowded rooms.
I?m stuck in this constant need to tell people something, while also not hurting them by saying it, while also not wanting to be that open to them. It?s a deadly bermuda triangle built on a rough sea of self loathing. And there?s no way out from what I can tell. I?ll always be stuck here. Not this physical place. I will always be stuck as these words on a short page when the human me almost shattered for good. The person who wrote these words is stuck in the past, unchanging, and because of this, the person you will later speak to is exactly as stuck.
The truth is that I was rigged to fail from the start. Depression isn?t current sadness keeping you in your bed. Depression is the long ago faded pain which kept you in bed, and will keep you in bed so long as you have it. Depression is never about the present, it?s always a past thing. And I?m still stuck in the past.
If you value anything I say, never worry for me. That is as good as calling me dead. If you want to help, just listen. Thanks.

Today, when the first and so far only person to respond actually said something to me privately, they asked if this was a suicide note. I said no.

I guess I wasn?t exactly lying. I don?t plan to kill myself now, specifically. But there is something there. The lack of response to this, literally just one person, only tells me my fears are true. If it seems only one person will care about my suicide, why shouldn?t I do it?

Idk why I?m putting this here, or what I?m seeking to find.","suicide"
"47191","Hinata? The only Hinata I want is Hajime Hinata. I love that guy so damn much, literally love everything about him. He's super cute.?","non-suicide"
"217456","Can you solve the secret code of emojis (which are terrible) ?? ?? ?? ?? ?? ?? ??,
?? ??   ?? ?? ?? 

Winner gets nothing","non-suicide"
"45617","Worst day in a long time.Probably going to get kicked out of my home, lose my car and my cat, cant afford to attend school anymore and cant get financial aid, and now my girlfriend (the one person who makes me smile) is probably going to leave me.

About to go to my medicine cabinet and see how many pills I can shove down my throat before I pass out and die. Been a long time coming and today may be the breaking point.","suicide"
"187841","I have nothing90% of my family despises me, I have no friends, I do nothing but drink all day and do drugs, I live in the middle of nowhere, I have no education and no future and I am flat broke all at 18 years old. The only thing I have in my life is a steadily growing youtube channel and I'm developing a promising video game with a team, other then that I have nothing and everyday I wish I had a shotgun to blow my brains out. I am so stressed 24/7 that I wish I was dead every single morning when I wake up. I'm also cripplingly addicted to drugs and alcohol and it's the only escape I have in my life and when I don't have it I wish I could jump off of a tall place to kill myself.","suicide"
"35048","So guys something epic happened 

Everyone knows about how my basement gf is beginning to like me more, right? (I trust her to sleep in my bed now)

I asked her what she thought of massaging her thighs while sucking her toes (im tall and have a long reach) and she was embarrassed at first. But when i dropped it, SHE SAID SHE WANTED TO DO IT!

You guys, im so happy that she likes it now!!! ????????","non-suicide"
"323191","Addicted to reddit, finna end this addiction once for all No its not suicide im just wiping my reddit account off of the face of earth





Bye



Update: reddit wont let me delete my acc, guess im staying with you guys","non-suicide"
"4900","who tf made war thunder so hard to play and why does the grass still suck on max settings ??","non-suicide"
"87754","To all the people who are suicidal Either : don't do it, there are people who really care about you, and everything will be be fine, stuff takes time.

Or : go to roof , go live on any platform, start a heavy metal music, and do a back flip. Believe me, that would be Epic.

Warning: do this at center of the roof, not at the edge you fricking stupid.

For more info visit [website](https://youtu.be/dQw4w9WgXcQ)","non-suicide"
"341281","""don't go to college"" I have noticed that the people who tell you to not go to college are either a) people who aren't good at anything but found success in youtube by sheer luck. Or b) billionaires who were accepted to the top universities in the world to drop out cause a better opportunity came up. And just so you know, the latter probably isn't going to happen to you. So before listen to them talk to some middle class people who didn't go to college and hear   their opinion on the matter, then make your decision.","non-suicide"
"34055","This is a question? Does anyone get in a high or drunk like state when they are sleepy?

I sleep now","non-suicide"
"48752","I Just Want To DieI have been constantly putting off suicide in hopes that things will get better but it just all seems so hopeless . My life is pain and it's all my fault. I can't find the motivation to do anything. My grades are slipping, my physique is a joke , and I'm just overall a horrible person. I've been useless in this world and I'm such a demotivated loser that I will be nothing in this world.","suicide"
"94406","I?m so stupid i can?t even k word myselfi?ve tried 2 times. 2. i wish i could just cease to exist. 
for the record, i?ve tried to get better lol therapy, meds but i?ll never be good enough for anyone :)","suicide"
"210547","Episode 6/36 of my 13 hour anime binge I'm enjoying it quite a bit so far though it's a bit hard to follow and I feel like I know more about the supporting cast than the actual main character but I still have another 30 episodes and a movie to watch so I'm sure I'll learn more about the MC soon","non-suicide"
"158719","I had a dream where I fucked a ginger ale can. Nothing to add on that just that.","non-suicide"
"8265","I hate Youtuber power I recently made a video exposing a youtuber, and he told his entire fanbase that it was fake, and everyone believed him. He told them to dislike my video, even though it's all true. The thing I hate is that all the fans will just believe and defend him.","non-suicide"
"306764","Happy Texas day to all the Texans here (: have a great day","non-suicide"
"23883","I need someone to talk to.Ive been having a shitty week and as a senior in high school im wanting to commit suicide","suicide"
"286041","I think tomorrow will be itI think tomorrow will be the day I kill myself.  I have lived long enough disabled and I cannot tolerate life anymore. So tomorrow when the opportunity arises I will end this life. there is nothing left for me, I had never thought about death, but now I wish for it everyday. all I do is fill the time in between now and my death. All that makes me excited is no longer available to me. 

What is the  point of living where all I do is work to afford to be in my quadriplegic condition? 

I wish it didn't have to come to this, I wish I could just go to sleep and not wake up.

I wish that tomorrow I won't wake up. I wish that somebody would break into my home and shoot me. I wish a car would lose control and run me over on my way to work. I wish I were dead.","suicide"
"338512","hey guys i need some help figuring what i?m gonna do the rest of my life    So basically all my life i wanted to become a doctor, but now i finally have a choice if i do want to become one. The main reason i think i?ve wanted to become a doctor was because my sister wanted to be one and i always wanted to compete against her. i?m taking a course for like a medicine and i just found out that i don?t think being a doctor is for me. my parents told me it?s okay if i don?t want to be one and i?ve always had an interest for being an engineer, what do i do? please i need help","non-suicide"
"153961","I feel it creeping up on me again.21 year old female here. I thought I was finally okay, but I guess depression never truly goes away. So here I am seeking an internet friend to talk to since I sadly don't have many friends in the outside world, and the friends that I do have don't know about my..history. Four suicide attempts, a couple of ER visits, and four inpatient hospital stays in the looney bin. Self harm and suicide have been on my mind constantly. I just want someone to talk to that understands. I really just need a friend.","suicide"
"174471","I haven't felt like this in so long.I can't stop crying. Just a failure. It hurts to feel like this. I torture my friends by feeling like this. By telling her so many awful things about myself. I don't see a future for me. A drop out. A waste of time, energy and air. Why me? Why do I get to live? So many people deserve this life. So many people die and so often. Fathers, mothers. Why them and not me? Why am I here?  Jobless. Without experience. Fat. Stupid. So many people deserve this chance. And yet I am taking their seat. 
I don't want to feel like this anymore. ","suicide"
"271950","Losing weight I?m 15, 180 lbs, and I?m 6?1. Idk if that?s normal but I?m pretty damn insecure about it so im attempting to do a water fast up until Christmas. With all the pandemic and shit my family can?t really afford a gym membership so this is the cheapest way to loose weight in my opinion. I?ll update every day around 7-8 pm, central standard time.","non-suicide"
"284113","Can you buy antidepressants without a prescription?I really don?t want to have a few hour talk with the doc. Just wanna try and see if it helps.","suicide"
"172960","do you actually like reddit or do you like the idea of reddit.

this makes sense u just got to make it make sense","non-suicide"
"128986","Pointless donesnt fucking matterWant to be anywhere but here because this world is fucking pointless.","suicide"
"187596","This is just a letter to my familyMom and Stephen, you didn't do anything wrong. I swear you didn't. You guys did so much for me, and I'll never know how to thank you for it. I love you guys so much. And Stephen, you've always been my dad, even if I don't call you that.

Grandma, I love you. You are the world to me, and you always spoiled me rotten. You were there for me whenever I needed you and I love you so much.

Uncle J, you were my role model growing up. I've always wanted to be like you, you always seemed so cool. I love you.

Auntie H, I love you. These past few weeks have been so hard on the both of us, and you were there for me every step of the way. 

Dyl, I don't know what to say here.. You've always been a brother to me. 

Brian, you've always been there for me. You've been a great friend to me all these years.

Joey, I remember hanging out in the junkyard in the little fort we made when we were kids. It was some of the best times of my life.

To everyone I didn't mention.. I love you, but it's time for me to go... I'm so sorry for any pain this causes any of you, but these feelings wont go away no matter what I do. This is getting hard for me to type through the tears, so I'm going to finish rereading to kill a mockingbird and then I'm going to end my suffering. 

I love you all so much, and I'm so sorry for being so selfish..

I've finished my book. Good bye...","suicide"
"200857","I don't knowI have been clinically depressed for the last 5 years or so, but probably longer in reality as I avoided my doctor. I spent the first 6 months of this year off work and as a day patient in a psychiatric hospital. I am now working through a return to work plan and it has got too much for me.
Whilst I was away from work there have been a lot of changes which have basically turned my department into a dumping ground. I work in a team of 4, one is worse than hopeless and one of the other two is leaving.
I'm getting no rehabilitation support from work and feel like I am being bullied by some managers (this has been noticed by others as well).
In short I do everyone's work because it has to get done.
I have no self worth and I hate the thing that takes up most of my time. Work.
If I see a doctor I'll be signed off which I don't want. I just don't know what to do next.
I don't think I'm suicidal but I do evaluate things that might end my life regularly.
Please help.","suicide"
"198652","CaNcElLiNg eMiNeM Okay bitches, I don't even care what sort of reaction this post receives, but here we fucking go

Fully aware that Redditors are least likely to agree with stupid things from Tiktok, but IF ANY OF YOU MOTHERFUCKERS WHO ARE TRYNA CANCEL EMINEM READ THIS, YOU NEED A REALITY CHECK

The reason he's being ""cancelled"" is for the line in Love the Way You Lie where he says ""if she ever tries to fucking leave again, imma tie her to the bed and set this house on fire""

If you DIDN'T FUCKING NOTICE, the song depicts an abusive relationship from the dude's perspective. The line fits pretty fucking perfectly in context

This shit is tame compared to his earlier stuff. Go listen to ""Kill You"" from the Marshall Mathers LP. Go listen to ""Kim"" from the same album. ""My Mom"" from Relapse has some shit that would blow your pussy little mind out of the fucking water

Aww, you didn't like what the rapper said 11 years ago? Eat a dick. If this is the first time you're hearing this song, you're too fucking young to be complaining about it, because this song was EVERYWHERE

No, it's not advocating or supporting domestic abuse. Literally the opposite. Jesus

How about we cancel Cardi B for writing GRAPHIC songs about deepthroating guys? Fuck outta here. If you don't like it, don't listen to it. Jesus fucking christ","non-suicide"
"78664","Why do I deserve this?I'm only meant to suffer. I'm just a plaything for my fate. I'm only meant to be abused, raped, shouted at, made to suffer. I'm never meant to be loved. And I fucking hate it.  


Its not in my destiny to be loved. I'm not meant for it. I will never have anyone who'll love me like I love them. I cant live this fucked up life please hope I can hang myself tonight","suicide"
"190041","I've just been thinking random thoughts before i sleep and i've just remembered the diary of a wimpy kid series. Got so nostalgic. Good times. \^\^\^\^","non-suicide"
"122042","I think I may be sociopathic I enjoy math... as a teenager... a LOT

Like, the only classes above 90% in all of high school so far are math courses, or courses that are just alternative math (finance)

On a scale of 1-10, how batshit crazy am I?","non-suicide"
"241031","I'm done tryingI'm 26, but feel much older. I have Aspergers, I've been beaten down and kicked around. My parents put me in a disciplinary school when I was in middle school. They thought I was a bad kid. At 14 my uncle molested me, my family still doesn't believe me. I was arrested for throwing a flip-flop at someone. I was raped. I was kicked out of my parents home with no warning and had to spend a week in the cemetery. I've been on and off the streets since. I was engaged, but he cheated and left me pregnant. I had to let my parents adopt my son. I sleep with men just for a meal or a warm place to sleep. I'm so tired, goodbye.","suicide"
"130087","Help wanted Ok This post might be removed but Recently, My Dad has been out of business. My mom is a housewife and there is no source of income. only My brother is working and he only recieved rs2000/- after working for about 3 months. Not dollars, Rupees. I have been looking for a place to be hired as an editor. I could help my Family. So please, This is no joke, I need a job. please, PLEASE help.","non-suicide"
"88498","ByeI?m doing it right this time.","suicide"
"108242","Just checking how many Americans are on here rn Just wondering if it?s mostly people on the other side of the planet or Americans that are on here in the middle of the night","non-suicide"
"47024","Imagine if you gave me the one hella expensive award But I'm not getting it cause I'm stinky loser butt and I'm not a girl with big boobs","non-suicide"
"216441","??currently accepting hoe applications?? DM ME FOR MORE INFO","non-suicide"
"260401","Debating to kill myself.I was the happiest I had ever been back 2 years ago, why? Because I was with the one person that I thought could be the one for me.. after a while she got pregnant and our relationship took a wrong turn. We were happy before this ever happened but me being selfish and controlling got the better of me by not being a mature individual when she was pregnant. I put her through hell during her pregnancy and i didn?t even give my last name. I did so much wrong to this girl and after not being with her for 13 months while texting this right in this moment I still feel the pain, misery, sadness, guilt. The things I put this girl through who never let me down for a second &amp; always put me first. I took her for granted. And now I see the kid mainly during the weekdays Mon-Fri for at least 5 hours. Whenever I head over to her house, the thoughts, feelings, negative forces just seem to collide very slowly or all at once. Every night I think about what could I have done,  when I?m not sad or depressed I find myself way more mature than the person I was 2 years ago. I know I should focus on my son when I go there but it?s just so hard to build a bond with him because I want us to be a family. (Not marriage) but take baby steps into working things out and see where it takes us.. but I understand that she doesn?t want to. Recently, she texted me stating that she?s dating someone and it seriously breaks me every time because 1: she has a child, 2: how can you have time to date other people when you can?t even work things out with me? (The biological father) before I got on reddit I was trying to sleep but I failed to because I kept thinking how I failed them (ex and son) she says ?whether you?re here or not our son is happy with or without you.? I asked her, ?do you not appreciate that I?m the father of your own son and that don?t you think I should be in his life?? She said ?I can really care less if you were in his life, it doesn?t matter to me.? Basically what I?m trying to get at is that she doesn?t give one single fuck about me anymore and I even asked her ?do you even want me in the picture at all? (whether visiting or growing a bond with him) and she says ?no, I?d rather want you gone and away from us because we?re fine without you.? Like do you know how much what you just said can destroy a persons will. I feel like she just says this without thinking or is just a cold-hearted person. I know this is long and you?re probably tired of reading it but I haven?t been the same person ever since we broke up. I know I have my rights as a father but knowing the system and the cost of going to court isn?t worth It in my reality. I also googled ?fastest methods of killing your self? and I felt like I needed to just end it all because I failed. Like how can someone date around and not give a crap about the biological father into raising their kid. All my friends that have kids (I?m only 20 and they?re roughly the same age) have at least one kid and yet the parents are still together. She says that we?ll never be together and that I?m not worth another chance because I always mess it up and also I?m not really a good father figure. (This is what stresses me out the most). Before she was pregnant she lived in a house where they had many babies and adolescents in the home and she was very skillful and basically taking care of them and being ?babyish? to them (loving, cute) she has very good experience and babysat before. As for me, i never grew up in a home that made me had to take care of any babies or adolescents until now. She points this out that I can?t talk to him like he?s a baby and I talk to him like he?s an adult. (Idk man it?s just how I am. Idk if I?m awkward with the kid or something. I?m just there, I do my best and try to adapt as much as I can) but she doesn?t see that. I ask her for guidance a lot but she?s always moody. This suicide story is not because one girl. It?s about me wanting to take my life because I feel like I have nothing to live for. My own baby mama doesn?t want me, she constantly try?s to put me down and is just cold.. so cold. I hate it. I hate it so much. I just don?t want to be alive to bear life and what it comes with anymore.. I tried going back to school, it failed. I tried working jobs from fast food to warehouse, that failed, I tried dating. It failed. I honestly don?t really want anyone else because I have a son. And that I feel like I have to work things out with the mom and be in unity.. but that?s not how life goes.. if you made it this far I humbly appreciate the time you spent in touching into someone?s life. &lt;3 ","suicide"
"4202","You ever seen michael reeves and lilypichu there adorable and a good couple, why cant i have something like that, just, why","non-suicide"
"294450","Sing along with your Sunday school pal, Colin This little light of mine..","non-suicide"
"291685","Feel as thought I'm letting everyone down/a burdenLately I've felt that life isn't worth living.

I'm a 21 year old male at college with a girlfriend, friends a job and a rather loving family.
But I hate my life and just want it to end. I'm failing my course because I'm too fucking dumb and I can't bring myself to put in the effort.

My girlfriend loves me and I have a good amount of close friends but seeing them brings me no joy. 
I'm close to being outed as a failure to my parents and I don't know what they'll do when they find out.
All I feel is anxiety - like I'm constantly on the verge of a panic attack. 
I just want to go back to a time when I didn't have so much pressure on myself. I can't handle people's expectations.

I think about suicide every single day, probably every single hour. Whenever something bad happens, no matter how minor, I feel an instant compulsion to just shoot my head off.
I can't go on like this, because I can't see pulling myself out of this slump of no motivation and no aspiration. 

I just want it to end. I always told myself that if I ever felt like killing myself I'd run away from home first. Like, pack some stuff and get on a flight, or drive to another state and see what happens.
But now that I'm in a position to contemplate that, I won't even do it.
No money, no real desire to see any more of the world. So I figure I should just kill myself.
And I know it will be bad for my family and friends, but honestly, their grief is not quite enough of a deterrent. 

I want to be happy, but I don't think I can, and I can't go on like this.
My suicide note will be simple, an apology. Sorry for being so shit at life. Sorry for letting you all down.
Thanks for reading.","suicide"
"164568","How tf do I have 25 followers I don't have that many friends irl

Hey mom, I don't have social issues! I have 25 followers on reddit","non-suicide"
"168605","Good teenagers, what are your favorite animated movies? (Not anime or Nightmare Before Christmas) What are your favorite animated movies? But:
1.) It has to be a movie you saw past 13 years old. No nostalgic lingering.
2.) No anime films, if i allowed it, thats all im going to hear, especially ""Spirited Away"".
3.) None of the recent creepy stopmotion movies in recent years, like coraline, boxtrolls, corpse bride, frankenweenie, and especially nightmare before christmas. That is also, is something that thats all im gonna hear if i allow it.","non-suicide"
"105157","I can't do anything, I want it to stop. Please help me.I sat on the window ledge of my 22nd floor apartment today, I really want to jump. I couldn't bring myself to cry. I feel unsafe living here. I can't feel anything, I've begun to sit around all day. I smoked a pack and a half of cigarettes, I just mindlessly stare at my computer. Not even browsing, just sitting there smoking. I've stopped eating, I've stopped sleeping, and the only thing I think about is jumping out the window. I've begun to isolate my friends and I have no family where I am living. I just need someone to talk to. Please. ","suicide"
"235320","I'm currently 17 years old and I don't think I will ever be happy...I'm currently 17 years old and I don't know what to do anymore with my life, I just don't know what to do anymore.

I live within a group pretty big of friends (we are around 14) but the thing is, when you have so many friends, it's really hard to find a close one, to find someone where you'll talk everyday, have fun everyday, etc. I always wanted a best friend (my best friend went to Japan when I was 10, although he's going to return here to Brazil by november).

I also always wanted a girlfriend, like really, I always wanted someone to love me, to make me feel important, to make me feel well, I had terrible crush experiences in the past and I felt that I would never had a girlfriend, there was no reason to a girl like me, and guess what? I currently have a girlfriend, 7 months in, she really cares for me, loves me, makes me feel one of the most important person in the world, she even gave me TONS of love letters, gave me a shirt, one picture frame with us for me to put in my bedroom, an pendant with the letter ""L"" (both of our names start with ""L""), and a lot of candies (she knows I don't like chocolates) for Valentine. And guess what? I still feel like shit. I'm so insecure of everything, I don't have any reasons to doubt about her, I have seen everything of her, and I know she's not a bitch or anything, but I always have problems of her cheating with me, or I ending up losing her somehow. I guess this would be what you could call being ""possessive"", I really am trying to be better, I really try to, but I can't, I just fucking fail to be a man worthy of her, to not disrespect her in any way.... I have suffered from depression, and still do, this led me to being possessive with my girlfriend, and I'm scared because I can't stop being possessive no matter what I try, even though It's obvious she won't give me up, since she really loves me. I also have started to go to therapies, taking medications (although they are weak and doesn't really help me.

I'm weak and skinny, I weigh around 50kg (that would be around 110 pounds) and I just CAN'T get fatter, my metabolism is really crazy and no matter how much I eat, I can have like 7 meal per day and still I will hardly get fatter. And I can't grow muscle at all, because, well, I just give up going to the gym after a while, this leads to the next thing I want to get off my chest...

I just don't have motivation to do anything, like, one day I might have a sudden burst of motivation to do something really good (go to the gym, like I previously said or being good at something, ie drums, guitar, sport, competitive videogames) and I do start my projects, but after a week or so, I will lose all the motivation I had, my therapist said that I always used to have everything being easy easy for me, so when a challenges appears (like, getting good at videogame or learning guitar) I will end giving up. But it's been like this for YEARS, and I can't do anything, I can't maintain a routine, I can't mantain a healthy lifestyle because of this. I installed an app that would remind me to drink water everyday each hour (because I rarely remember to) and in the first 2 weeks, I was doing fine, just like the schedule, now I don't give a fuck for it anymore, I just gave up... This also really affects my grades in highschool since I create a routine to study everyday and do well on the exams, and guess what? I give up doing that too.... And the hardest part I just can't help with it, I can't help with it at all... I try my best to not lose motivation, but I just end up losing...

Sometimes, suicide thoughts appear in my head, and I end up considering it... Only thing stopping me is how devastated my family and my girlfriend would be if I did commit to it...","suicide"
"138289","I?m literally about to get platinum https://www.twitch.tv/fat_dog420 https://www.twitch.tv/fat_dog420 https://www.twitch.tv/fat_dog420","non-suicide"
"252562","I've decided not to kms Ima pull trough intill I'm 18 and can get my own apartment","non-suicide"
"293631","I can't face another dayApologies for my ramblings, my brain isn't very clear at the moment. 

I'm a survivor of severe anorexia, I suffer from anxiety, depression, bouts of self harm, OCD and depression. 

A month ago, I got close to one of my guy friends, and he pretty much cheated on his girlfriend with me. I feel so guilty for it, but at the same time, if I could go back I would do it all over again. Now, he ignores me. 
I have bad trust issues. My last relationship ended so badly, I told myself never to get attached to anyone, unless I was 100% sure they werent going to break my heart. But I've got attached to this guy. It was meant to be a bit of fun, and now he won't speak to me anymore. 

I'm having severe anxiety attacks several times a day, self harming for being so stupid to develop feelings for this fuckboy. It sounds so stupid, but I can't get him out of my head. I feel like a teenager with a crush, but with this anxiety, its multiplied by 1000. 

For the past nine months, my anxiety has played up every two weeks, some times to the point where I can't go outside and can't psychically walk. 
I feel like I can't go on, living in fear that I'm going to take a panic attack at any moment. its exhausting. 

I had an appointment with my psychiatric nurse two days ago, but she wasn't there. I feel so hopeless. I see no future for myself at all. 

Will this get any better or am I just better ending this misery now?","suicide"
"218320","Having suicidal thoughts for 2 yearsidk where to start but im having suicidal thoughts for like 2 years because of my parents my mother &amp; father used to beat &amp; abuse me with bad words since i was 14 years old on daily basis &amp; sometimes my mom don't give me food to eat demotivate me every time by saying like i can do nothing in my life, im useless, i have to die, im trash bullshit like this on daily basis &amp; now they threatened me that they will kick me out from my home cuz im a adult now 18 yo. this all give me svere depression &amp; anxiety like everyday &amp; sometimes i cry so hard :""( &amp; think to commit suicide to get free from all of this. i don't have many friends because of my mom whenever my friends come to my home my mom say shit about me to them &amp; they don't ever talk to me again &amp; make fun of me. i never shared this to anyone because i thought everyone will make fun of me &amp; will not understand me so the first time im writing on this subreddit. thank you for reading sorry for my grammar it's not my mother tongue.","suicide"
"155143","Girls a couple questions What is considered boyfriend material? Is a guy masturbating a red flag?  Do a guys nudes even get you off?","non-suicide"
"76633","if you make fun of someone's music taste you're actual scum saying like haha this song is so bad and shit like that is fine ig but when people repeatedly take the piss out of other peoples music taste it's so shitty like if they like it why does that matter to you???? like this girl I used to be friends with would do it all the time and now I always feel embarrassed saying what music I like and at point she literally took songs off my playlist???? if someone's music isnt your cup of tea then just say that but let people like what the like (unless its Morrissey)","non-suicide"
"295145","Nothing fucking mattersDoes anyone else have a view similar to mine?

I'm 20 years old and in college as a biochemistry student on the track for medical school. I've got a 3.7 GPA right now, and everything feels completely fucking moot. I have a lot of happy moments, but I have even more bad moments. 

I view our (humanity) existence as an anomaly on this tiny speck of dust, known as Earth, hurdling at several thousand miles per hour in space. We're all bound to die eventually. Humanity will be wiped out in the future, and there will be almost no trace of our existence afterwards. Even then, the probability of other life finding our remnants is infinitesimally small.

There is no God, and there is no afterlife as far as I know. I can't go living life hoping that I'll be happy or still in existence once I'm dead. I can't force myself to believe in some crap like that without good reason.","suicide"
"117274","30 and feelin' futile.Ever since I was a kid, I was always put down in terms of if I did anything negative, it was noticed. Never praised. I was denied the ability to be stressed as a child. I was physically abused regularly and verbally abused constantly. As it got worse in my teen years, I left at 18 and moved in with a girlfriend and her dad. My relationship became better with the parents, then my mom suddenly died when I was 23. This kicked off the severe depression and anxiety or at least confirmed it after seeking help. I have been on medication (1 consistently, others would switch around to find the right cocktail) for about 7?8 years with bouts of therapy in between. It always felt like something I was supposed to do, but never actually helped. Plus the time out of the week cut into work and stuff.

I found a dream job, but in the past 3 years, I have noticed a disconnect from everyone I work with. I'm not part of ""the club"". I'm given busy work and ignored. Not even a reply to a good morning.

My co worker, who is younger than me, graduated after me, has less credentials, is now starting to give me assignments and is telling me what Im doing right or wrong. She has pull here with the bosses, is close friends with the project managers, I don't have that. I need to listen to her.

My chest hurts. I vomit, dry heave and gag and cough violently every morning and afternoon after I leave work. my limbs tingle from the stress. I cry at my desk. I am paycheque to paycheque despite making the most money I ever have due to the cost of living. After talking to family and friends and my girlfriend about this enough times, I can tell they are strained from it.

So here's the question: which way does it go. I know this will be treated rhetorically but I'm saying my feelings now. This is what I want. I am tired of living. If you have advice for a magical pill or a sure fire cure for someone in my position, please tell me.. Otherwise, my days are numbered. I'm tired of the so-so medications and the ""wait and see's"" from the doctors.","suicide"
"239437","I?m completely numb. I think I?m readyI have done everything to solve this. I?ve been to therapy, I have talked about this to fucking oblivion. I have read all the books, I have taken people?s advice, and I still can?t bare the idea of being here any longer. When I think about it, I?m just numb. Completely numb. Nothing anyone says makes me feel any better or worse. I?m just in between constantly, and I think that it?s a sign, it?s time to go.
","suicide"
"170382","Boyfriend had suicide planI've never posted before but I feel at a loss and can't seem to find anything online similar so figured I'd post. 
Bit of backstory my boyfriend (5 years) had called me while I was at work on Monday saying that he was checking himself into a mental health hospital. I knew roughly why he would be there but it was still such a shock to me. It wasnt until a few days later that he opened up to me and said that he had made a plan and chose out the weapon but decided after his therapy session that he didnt want to do it anymore. So it's a weird in between spot. While he didnt necessarily attempt suicide he was damn close. Closer than I ever could have imagined.
I had just started a new job with a bakery about a month ago and then this happened. I've had a hard time coping with everything and so I told my boss I probably wouldn't be back until the following Monday. Fast forward to Friday I get a call from one of my friends who helped get me the job and she's saying that my work team is trying to be understanding but that they think and my friend thinks I'm being immature and irresponsible for not going to work. My friend even went far enough to say that maybe I wasn't strong enough for my boyfriend since I couldn't find it in myself to go to work through this. 
I guess I'm asking for advice. My friend said my work is talking about cutting my hours since now I've shown I'm not reliable even though before this happened I had never so much as shown up late before or called out. What would you do? I feel at a loss because yes I realize I should be working but I don't know how to face my work after this especially knowing they are annoyed with me.","suicide"
"293121","Lots of frustration building up.I've had this feeling of wanting to smash the nearest ceramic object for months and months. I haven't done any kind of self harm on years, but I constantly think about hurting myself. I'm 17 and in my last year of high school, only have a couple of friends, I have plans to do great things in the future but I'm barely motivated to even get out of bed or do homework now. My parents discourage me from every positive opportunity that comes my way. My grades are, um, a little underwhelming. I believe I can do well but there's just no motivation and it already feels like a lost cause. I know I just want to be done with this but I can barely even look forward to graduation now. How can I start to work towards a life that motivates me and doesn't frustrate the hell out of me on a daily basis?","suicide"
"224965","If ECT fails, I'll probably kick the bucket.(M, early 20s.)

Right now, I really hate my life. I'm home from college because I'm too depressed to do work. I've been on/off suicidal and constantly miserable since 16 and feel like I'm locked in a cage with a father who's always pushing me to do things his way, like I neither have nor deserve a free will, which is how he treated me up thru high school.

I've tried several medications. They've all totally failed, except bupropion which initially gave me enough a boost to make me want to go to college but then stopped working. All of my friends have at least had one relationship, but I've never been with a woman. Actually, I sometimes think I might be gay and I so thoroughly hate that (I don't know why. I'm not a homophobe). I also no longer feel any joy in anything, no interest or purpose, and I feel like so much of a wuss that I'll never be able to stand up for myself and be a strong, independent person. 

I'm bitter towards everyone around me, esp. whenever they have an annoying flaw. Part of me wants to die in order to hurt the people I feel have slighted me, some of whom I want to call friends but am too emotionally distant. I feel all alone bitter, angry, and miserable beyond any hope.

I know most of my thoughts have to be irrational, but that doesn't change the fact that I'm terrible and just want that pain to be over. If ECT doesn't work, I no longer will feel obligated to live.

Try to change my mind, I guess.","suicide"
"158442","I got temp-banned for posting walter to r/aww &amp;#x200B;

https://preview.redd.it/aj0r4j5kyv261.png?width=1331&amp;format=png&amp;auto=webp&amp;s=fcd8626d59dbeeae35fa4bb028649e67b5f605f4","non-suicide"
"102574","Anyone else always get confused by the constant parent hatred among kids Like I guess I'm an outlier because I've barely ever had much wrong with my parents. I've never had a major problem in what they want from me or want me to do, the biggest stuff is mostly homework squabbles. I guess I'm a minority. Honestly the most annoyed I ever got over ""dumb parent rules"" wasn't even with my parents, but with a friend's parents who didn't let me and my friend go to our friend's little campfire party in their backyard because we're boys. 

I dunno. It's just my experience has never alligned with what always seems to be the story and so I never actually got the stories.","non-suicide"
"107394","Posting everyday until i get my first kiss day 123 So no one is gonna ask why i skipped day 122?


P","non-suicide"
"104830","My best friend hanged herself 2 years ago and I only came to know about it yesterday ????????I had just moved from Australia to india because I was very mentally unstable. The minute I moved to india, I was admitted to the psych ward because I could never be left alone for even one second because I was so bent upon harming and killing myself. I hated myself and i was so depressed, I had crazy hallucinations and delusions that everyone was plotting a murder to murder me in a gruesome way so, I just wanted to kill myself before anyone else could. 

When I was admitted in the ward, there I met her. She was draped in purple from head to toe. She came with her mother who always seemed to be smiling. We introduced ourselves very quickly because we were of the same age. Very soon, we developed a very very close bond. We were there with each continously day and night until the nurse had to physically drag her out of my room. We connected so well from the start because we suffered from very similar issues. Both of us had depression and OCD. I could freely talk to her about suicide in a way that I could with no one else and she would know exactly what to say because she had been through the pain. Both of used to obsess about the idea of death and we had very similar thought processes which always made us question about why we hadn't met each other earlier. However we were both very happy to have met atleast then and honestly I felt like I had known her for years. 

She was so talented. She was a very active blogger. She used to write dark stories about death and would drop a new blog every week. She had so much potential and she was original. She was obsessed with the color purple. She wouldn't dare to wear any other color which wasnt atleast a shade of purple. She was a very outgoing gal and even though she understood suicide deeply, she was still very optimistic and would love making friends in the ward. However she wasnt diagnosed, and I had never realized this but she would copy or do or say some of the same things that I or the other patients would do and tbh i didnt rly think much of it. The doctors knowing this, asked her if she was faking it because she was friends with me. They were asking her why she was doing and saying the same things as me. I remember her being very upset by this and tbh I dont think she was copying or saying the same things as me but whatever. 

So after 5 months of torture obviously but a lot less torture because of her, she honestly made my life heaven. Idk what I would have done there without her. So they discharged me. When they discharged me, we were both rly sad coz she was gonna be there and I was going home. She showered me with gifts such a necklaces, books, purple tea etc... it was a sad goodbye however I was happy that I was getting out. 

After 2 days of reality, i couldn't do it anymore. I became suicidal as usual. And little did ik that in my room there was an open window. I lived in the 5th floor of an apartment and I remember climbing out of the window and sitting there. I was so ready to jump because I knew I was never gonna get another perfect chance like this. I tried not to over think too much because I really wanted to kill myself and I wanted nothing to interrupt me,not even a thought. The height was also huge so I knew I would die in a painful way. While jumping, I tried aiming for my head. However when I jumped I landed on my foot. I felt a shock so painful travel through my body. It was chaos. Everyone was freaking out. I slowly felt myself passing out. Everyone was terrorized. Anyway I was put in an ambulance. I dont wanna talk too much about this but I broke every single bone in my body but my foot, spinal cord, one of my ribs, tail bone broke in a very very serious way. So I obviously went through days and days of complicated surgery and pain. They were sure that I wouldn't walk. So after a while I was moved to the psych ward again. 

I again met her and I was in so much pain I couldn't even cry or smile. And she was just a little mad that I would do this but she was so happy to see me. Again she helped me through all of it. She was there like my mom. She was even there to help me move my fucking body when I was in so much pain just to take a shit in the bed pan everytime. She used to read books to me. She made playlists for me to listen to. She always always always made sure that I was occupied and made sure to distract me from the physical pain. I remember as I was recovering, she was the one who would push my wheel chair to take a walk and we would gossip, talk about boys, celebs , talk about dumb meaningless shit etc...  and to everyone's surprise after 6 months I was able to walk 2 steps with a Walker though painful i was atleast able to stand so everyone was happy about the progress. After a while, i was able to walk a little with the Walker and they discharged me so i could go home. 

In this mean time, my friend and her mom left the hospital as they felt like she hadn't made any progress and she was angry with the doctors questioning about her faking it. So they decided to move to another state and we promised to keep contact. We kept in touch for a while and had a lot of fun as per usual. Her mom also kept updating my mom. After a while everything suddenly stopped. I stopped recieving anything from her and at this time i was going through other personal and painful shit so I had relapsed badly again and I had forgotten about everything. 

After a year I tried reaching out to her in every way possible. I kept texting her like a fool till last week. I thought she had just abandoned social media or I thought that started to dislike me. I wasnt sure what to think of it and my mom kept pressuring me to forget about her so for a while I just let it slide even tho I was upset and confused. 

Anyway yesterday midnight I got a message from some random guy who knew both of us, saying that she hanged herself. This guy refused to tell me his name. And he told me that she died a long back but nobody told u coz u were already suicidal and we didnt want it affect u. So just to make sure, I reached out to one of her neighbors as well as a close friend to make sure if she actually killed herself. Turns out she hanged herself 2 years ago. 

I was in a state of shock and I still am. I'm not angry that she chose to take her life. I'm happy that she is in a much better place coz this world is not meant for everyone. I was upset and I'm still upset because I didnt know sooner. I'm upset that I have only come to know now because I had been trying to reach out to her like every 2 days like an idiot for a like 2 years. I'm upset that I couldn't help her in the same way she helped me. I wish I could have told her how much she meant to me and how much she changed my life before she left this awful place. She had so much potential. I wish I died instead of her. I don't have any purpose on this planet and neither do I have any talent. I just waste oxygen and take up fuckimg space. She could have offered so much and she already had so much to offer to this world. I'm jealous of how lucky she was to die in her first attempt. It's hard to die when ur killing yourself but I'm also happy for her at the same time. 

I just wish I could meet her soon some day and tell her how much she helped me and how much she meant to me. I didnt expect this. I am heart broken not because she left but because I didnt die and meet her there soon enough. I feel numb. I dont know what to do or say. I'm upset that I came to know about it so late. 

I just wish that u are happy wherever u are and I love u so fucking much. Rest in peace b.","suicide"
"31403","Tired of thinking that I'll be something that is unobtainableI'm in my last 20s, heavily balding, hairier than a sasquatch, and yet... I'm trans? Yeah, I think I'll be taking the ""easy"" way out. Later y'all.","suicide"
"58784","I'm 15 and I don't know how to cook anything My mother doesn't want to teach me, she insists that I can just magically know how to do it by observing her, as she said she only observed the elders without them teaching her and she is really good at cooking I must admit. Times are different. (I'm a guy btw)","non-suicide"
"220513","I've been posting like an idiot. I need help. I really need help.I'm on 4mg IV dilaudid at the moment... three 2mg Xanax dissolving on my tongue, and hey, my gear is ready, I'm a pretty stable guy... but things have been going downhill, and I figure it might be time for this to come to an end. I just did some lines of H. Feel good. Maybe cut with fent. fucking assholes. But, yeah, I think I might off myself, but first I'd like a brief chat or something if it's not taking too much of your time","suicide"
"267636","I remember this exact day a year ago I was in quarantine and I was very bored so I made a Reddit account. I?ve been active on it ever since","non-suicide"
"254285","Please help im in a situationI dont know where to start.. I guess first is I've attempted in the past and been hospitalized a few times. I attend psychotherapy once a week, I just need help tonight im feeling weak and know that if I reach out to a doctor or hotline ill probably be back there.. as someone with experience I just dont see how that helps me. I feel so alone my friends cant relate. Also I have a few things that dont help in my view the most important of those being I have multiple sclerosis","suicide"
"55913","Finally going to end it tonightI'm a young woman trapped in a foreign country with a bf who I still believe is my family, despite all the abuse. I know I'm fucked up. He can be manipulative, incredibly mean, and is always hot/cold for no apparent reason, yet I've felt like I needed him because I have no one else. I cling to the 'hot'. I know I can be withdrawn and sad sometimes, but I take good care of him, am fiercely loyal, I make him laugh a lot and I always support him, which makes it hard for me to understand why he is so mean so often. He hyper focuses on all my flaws to the point that flaws are all I see of myself anymore. Maybe because he is even more hurt and messed up than me, idk anymore.

I can't get work here, no friends or family, no support system other than some homeless dogs I have befriended. I can't get home, living off limited savings. And even if I could get home, there isn't anything for me in the current world, nowhere for me to go, I don't want to live as a slave, working maximum hours for minimum pay. I am studying currently but I am so depressed I find it hard to focus and retain new information. I have tried to reach out to people and make friends here, but I am socially awkward and nobody really likes the shy girl enough to want to see her again. I'm living in a small town, and the last group of people I tried to befriend turned on me and began spreading nasty rumours about me. I'm so socially clueless that I legitimately thought these people liked me. I was heartbroken when I found out the lies that were being passed around. I barely knew them and they hated me already. It's hard for me to believe I just keep meeting the wrong people.

Because I have been hurt a lot, I try so hard to be to others what I wish I had for myself. I don't want  to be the reason someone hurts as much as I do. Everyone leaves though, or betrays you, everyone but my animal friends. And they just aren't enough to stay anymore. I know the way my bf sometimes treats me is wrong, but I'm so desperate for someone to love and care about me that I've stayed and I try to support him and make him happy, in the hope he will choose to see and appreciate me one day. That it will get better. But I finally see that is a hopeless, childish wish.

I am tired of being so alone in the world. Even if it were possible, if I were strong enough to escape this situation, I have endured being torn down and belittled for too long. I am honestly a pretty hopeless adult, I'm so scared of the world and it seems every new experience I have makes me more afraid of people. I've developed terrible anxiety and I don't see myself trusting or having anything worth living for in the future. God knows I try, but I can't feel anything good anymore, even when I'm doing good for others, which has cheered me up in the past. I just don't see any other ways forward or any hope. 

I have tried reaching out for help in the past and talking about it, but it just makes people angry and upset, so now I just pretend to be ok. I have tried numerous therapists and hated how fake and forced it all felt, the worst one told me I was too pretty to be depressed. I don't want to be told things will get better, they haven't in years, despite my efforts, and what I've told you here is barely even a portion of my full story. I've tried and I've been strong for a long time, and I'd just like the dignity to give up now. The thought of dying and not feeling anymore gives me relief.

The past couple days I have been alone, can't get up out of bed anymore, can't eat, barely drinking. I have wanted to end it for a long time now. I know how I'm going to do it. I'm not so much afraid to die anymore, as it can't be as bad as living, but I have been afraid of the pain involved in dying. I am a wimp. I need to end it well before this time tomorrow, as I do not want to risk being found and potentially revived with brain damage. I wish there was an easier way out for people like me who have made their choice, but there isn't. I guess this is my story, and my goodbye, if anyone is there.","suicide"
"159409","Feel like I'm stuck in a rut..Hi all, I'm 16 years old and I live in the United Kingdom near Dover. 

For the past 24 hours or so I've just been feeling low and unhappy with my life. Right now I'm doing my final GCSE exams and I'm not going to get any good grades. I'll probably be getting D's or E's or worse because I try my hardest and it just isn't enough. I'm an overweight loser who's best isn't enough and I can never seem to lose weight I've tried several times in the past and unfortunately it always seems to fail. If I was skinny perhaps I'd have some more confidence but I feel like I'll probably commit suicide before I'm 30. 

I'm stuck at home pretty much everyday once school is finished with only friends on Teamspeak (VOIP) to talk to. I have a couple of friends at school, no social life or girlfriend (heh. me? a girfriend.. won't be happening.) 


I'd like a nice job, a wife and a daughter and to move to canada but I think I've damaged myself too much as a young child especially with my weight. Why couldn't I just be a normal happy healthy weight teenager instead of a fat one. 

I have these goals in life but I feel like I'll never be able to achieve any of them. I feel like crying. 

I don't know what to do.","suicide"
"46740","I have a shooting headache, I hope it is brain tumorI don't see any point in existing. Life is too much of a chore. I just want to call it a day now, forever. Nothing makes sense, nor did it make from the past 15 years. I want to bang my head so hard to the wall for once and ever that I don't want to find the trace of my existence ever again. It's too much. :(","suicide"
"181035","I don't know why I'm posting this.It's probably going to be lengthy, and I'll probably jump from problem to problem and most likely get someone reading this confused and uninterested. I apologize in advance.
I'm seventeen years old, and i'm a female.

I really really don't know how to start so I'll just start listing problems I've had.

Never met my father, as of a year ago I found his Facebook (I didn't request him or anything, it was a random spur of curiosity - I've never really cared much about knowing about him until a few years ago, and yes, I'm 100% sure that the Facebook I found was him), and found out that he has a family. This sounds really wrong, but it makes me wonder what that family had to have him stay, and what made him ditch my mom once he heard she was pregnant. It makes me feel betrayed. Very alone, and very betrayed. I was talking to one of two of my close friends last night about it, and he said he thinks all of my problems root from this. It got me thinking, and it's gotten me severely down.

I started self-harm in sixth grade, and it continued until about 9 months ago. Two years ago I had cut my leg too deep, and was scared and ended up confessing to my mother, who put me in therapy. Therapy didn't help, I didn't open up to her, and I didn't feel comfortable with her. All she ever did was give me breathing exercises to get rid of my anxiety, which only helped for so long. (I have pretty bad social anxiety, and just anxiety in general, and also have a lot of shaking episodes if I dwell too much on things.) We moved, never went to therapy again. But thinking about my father last night has given me urges I thought would never return.
 
I've been with my boyfriend (LDR relationship) for 8 months as of yesterday. We've already seen each other twice, he stayed at my house for a week two months ago, and I just got back yesterday from a two week trip to his house. He's romantic, sweet, a gentleman - opens doors for me, manners, and all that, has good hygiene, plan for the future. He's a country boy as well. What i'm trying to say is he's the ""perfect guy."" 
I was really really, truly happy for the first 5 months. I had gotten confidence in myself, started losing weight like I've been wanting to. 

But after he had left here, I started to get depressed again, I pushed him away, became suspicious over everything he did because I had found out he lied to me once, and I just couldn't get over it. I'm still not over it, and I'm still very suspicious. While I was there for two weeks, I constantly snapped at him, and then I would hug/love him as if I weren't a complete bitch to him 20 minutes prior. It was like punching someone in the face, then getting ice for them.

I know I need help with this. I don't know why I can't deal with the fact that people mess up sometimes, people lie sometimes. I act like I'm fucking perfect, and when someone messes up, I just cannot EVER get over it, and I hold the worst grudges. Shit, I mean, I've lied to him before, nothing big, but a lie is a lie. I don't understand how I can admit I need help, but once I get the help I need, I pretty much wait for things to fall apart because I know they will. I have no idea how to cope with anything that's handed to me, because the only way I've ever coped with anything was to grab a razor. And I'm trying not to do that again.

There's a whole 'nother slew of problems that I really don't feel like writing out because I don't think it's worth it. So, I'll sum it up. 

* Since we moved, my social anxiety has gotten worse and my mom thinks it's just me being shy, and won't take my seriously. 

* My only close friends live in Canada, which makes me feel even more alone than I already am.
 
* Since moving, I literally have no one to talk to, and have zero friends at school. I'm not even joking. I've tried making friends, but they all act like I'm a virus since I don't wear Hollister. (I go to a really snobby school. If you don't wear designer, you aren't even in existence.) The only person in my new school that I've talked to was my bus driver. 

* My mom hasn't had a job for years, and we're barely getting by right now, if that, we have a nice landlord who has brushed off the fact that we haven't paid rent in two months. Unfortunately, our landlord is losing her mind, her son might take over, and he's not as nice as her. But it's understandable. We owe them so much.

* My family is falling apart because of money, and I lost my favorite relative to this huge fight over it.

* I am just no where near prepared for the real world. And I'm now a senior. I have no idea what I'm going to do after highschool. I had planned to live with my boyfriend, but I don't know what's going to happen to us because my feelings are all messed up and I don't know how much longer he's going to stick by my side and deal with it all.

* I'm trying to get prepared for the real world, but I can't because, 1) My mom never takes me out to go job hunting like I constantly ask her to. (hypocrite me is partially happy because I won't have to deal with people) 2) I got a credit card for myself so I could learn how to use it/learn how banks work, but my mother has also taken that because it's easier for her to use since she can do direct deposits. 

I really don't know what's wrong with me. I don't know how I can be so cold-hearted towards people and just not care. I'm a selfish hypocrite. I want help, but I want the sadness and it's a constant cycle of wanting and needing and it's driving me insane. I feel like I'm killing myself of any good feelings/thoughts. And then I'll think I'm being a typical teenage girl, and then I'll have deep conversations with my best friend, and I'll think ""No way does she have the same, fucked up thoughts that I do.""

I feel like my boyfriend could get a girl that has her shit straight, and my best friend wouldn't have to deal with so much of my shit if I just weren't around. And I'm honestly considering it, which I guess is why I'm posting it here.

I feel like a typical teenage girl with daddy problems, and it sickens me. Can someone just be straight forward with me, please?","suicide"
"231822","We're no strangers to love. You know the rules, and so do I.","non-suicide"
"270800","Do y?all have any tips for not telling your friends/family you are suicidal?So I have wanted to kill myself for a variety of reasons, unhealthy interests like Anime, being a waste of space, and ruining everything I touch. I was wondering how I can not tell my family/friends about this to make sure that those relationships don?t die from the new found pressure of having to deal with damaged goods.

I made the mistake of telling my one friend, but I successfully played it off as a joke, and then one other friend actually knows but, well they had their own barrel of worms so I managed to shift the focus onto them.

So how do I not accidentally show signs of suicidal thoughts/urges? So far I have managed to keep my outbursts at like 2 am, but I?m worried that they might catch on to more subtle signs of suicidal thoughts, like giving away prized possessions or that sort of thing.

I?m also growing weak mentally, writing paragraphs or essays to people in email about my issues. Thankfully I?ve managed to delete them and not send them on accident.

Thank you, any tips are appreciated, I?m meeting up with a friend tomorrow and I?m hoping I don?t crack.","suicide"
"223637","This will 100% get removed Felt cute might throw a flashbang in a room full of epileptic kids later..","non-suicide"
"256103","I wanna die but I'm not brave enough to commit suicideI want to die. And this thought comes to me almost every day. I'm a girl, I'm 20. Everything is fine in my life. I have family and friends who cares about me. Nobody died. I'm in good health. I have enough money to eat, and sleep in a warm place. I live in a free country. I'm not bullied, or discriminated, forced to anything, I'm not going through any hard stuff.
But it's been more than ten years that I feel this bad. That I have suffocating and weeping crisis on the floor almost everyday. That sometimes I hate myself so much that I throw up after looking in the mirror. That I know I'm completely empty. That even if I seem to have fun, after I know that it wasn't sincere. That I have no passion. No lead in my life. That I not even sure to love my family. That I've never fell in love or had any crush. That I've been incapable of having sex. I had once and it was complete indifference. That I have no dreams, no imagination, no memories. That I disgust myself for being so selfish. That I feel like I fantasize my own grief. I'm exhausted.
Wrote myself a letter 5 years ago for when I'll be 20. Just confirms what I already knew; nothing has changed except that know I don't have the perspective of adolescence anymore. I suffer so much over void, and I'm not even sure this suffering is genuine.
I know what I think is wrong, I'm the first to say that every human being is valuable, deserve love etc... I'm just lost in the nowhere.","suicide"
"137385","Who the fuck are all these shit commenters? a b c d e f g h i j k l m n o p q r s t u v w x y z","non-suicide"
"242977","Exam today but I can't even get out of bed (mild venting)I've been struggling with self-confidence for a while now but no matter how much I put I can never achieve it. I just don't want to do this anymore, I hate it and I hate myself. I'm just not good enough for this. Yesterday was okay the day before that I was fine, stressed but fine. 
I've been in a relationship for almost a year and I'm still a shit gf. I cant believe him when he says that I make him happy or cheer him up because all I ever remember doing is just pissing him off. Sometimes I don't even believe him when he says ""I love you"" ","suicide"
"75327","Does anybody else dreaming of being a soldier in a battlefield?I wouldn't hurt anyone just wait until I'd get a bullet in my head. That way the people I'd left behind me would think of me more as a hero than a loser.","suicide"
"238433","I don't feel safe anymore.I've been thinking about suicide a lot lately. I mean, I guess in a way that's nothing new, but the thoughts are usually fleeting. Now they're not - they're like one of those revolving doors you see in fancy buildings. They just keep coming around. I don't really know if I'm an actual risk, but I don't particularly feel safe anymore. I don't want to call any kind of suicide hotline and I don't want to check myself into the ER. I attempted last April and when my best friend brought me to the hospital, I ended up in a behavioral center for about a week. I'd much prefer not setting myself up to end up back there. Any other ideas?","suicide"
